<?xml version="1.0" encoding="UTF-8" standalone="yes"?>
<addon id="plugin.video.streamtv" name="Stream TV Archiv" version="1.0.0" provider-name="">
  <requires>
    <import addon="xbmc.python" version="2.1.0"/>
    <import addon="script.module.stream.resolver" version="1.0.0" />
	  <import addon="script.module.common" version="1.0.0" />
  </requires>
  <extension point="xbmc.python.pluginsource">
    <provides>video</provides>
  </extension>
  <extension point="xbmc.addon.metadata">
    <platform>all</platform>
    <summary>Stream TV video-archive plugin</summary>
    <summary lang="cs">Stream TV - archiv</summary>
    <description>
        Plugin to play TV video archive stream.cz
    </description>
    <description lang="cs">
        Plugin pro přehrávání videí z archivu stream.cz
    </description>
  </extension>
</addon>