<?xml version="1.0" encoding="UTF-8" standalone="yes"?>
<addon id="script.module.common" name="Common python modules" version="1.0.0" provider-name="">
  <requires>
    <import addon="xbmc.python" version="2.1.0" />
  </requires>
  <extension point="xbmc.python.module" library="lib" />
  <extension point="xbmc.addon.metadata">
    <summary>Common python modules</summary>
    <description></description>
    <license>GNU GPL</license>
    <platform>all</platform>
  </extension>
</addon>