<skin>
  <screen name="ArchivCZSKpContentScreen" position="center,center" size="983,560" title="ArchivCZSK premium" flags="wfBorder" transparent="0">
    <widget backgroundColor="#9f1313" font="Regular;20" halign="center" name="key_red" position="7,4" shadowColor="black" shadowOffset="-2,-2" size="237,38" valign="center" zPosition="1" />
    <widget backgroundColor="#1f771f" font="Regular;20" halign="center" name="key_green" position="251,4" shadowColor="black" shadowOffset="-2,-2" size="237,38" valign="center" zPosition="1" />
    <widget backgroundColor="#a08500" font="Regular;20" halign="center" name="key_yellow" position="495,4" shadowColor="black" shadowOffset="-2,-2" size="237,38" valign="center" zPosition="1" />
    <widget backgroundColor="#18188b" font="Regular;20" halign="center" name="key_blue" position="739,4" shadowColor="black" shadowOffset="-2,-2" size="237,38" valign="center" zPosition="1" />
    <widget name="path_label" position="13,55" size="957,32" halign="left" font="Regular;19" transparent="1" foregroundColor="#C4C4C4" />
    <eLabel position="13,78" size="957,1" zPosition="1" backgroundColor="#C4C4C4" />
    <eLabel position="610,78" size="1,469" zPosition="1" backgroundColor="#C4C4C4" /> 
    <widget source="menu" render="Listbox" position="8,91" size="593,437" transparent="1" >
      <convert type="TemplatedMultiContent">
        {"templates":
        {"default": (27,
        [
        MultiContentEntryText(pos=(5, 2), size=(287, 53), font=0, flags=RT_VALIGN_TOP | RT_HALIGN_LEFT, text=0, color=0xff000001), # addon/category name
        ]
        , True, "showNever"),
        "management": (27,
        [
        MultiContentEntryText(pos=(5, 2), size=(283, 53), font=0, flags=RT_VALIGN_TOP | RT_HALIGN_LEFT, text=0, color=0xffffff),
        MultiContentEntryText(pos=(5, 2), size=(350, 53), font=0, flags=RT_VALIGN_TOP | RT_HALIGN_RIGHT, text=1, color=0xff000002)
        ]
        , True, "showNever"),

        },
        "fonts": [gFont("Regular", 20)],
        "itemHeight": 33
        }
      </convert>
    </widget>
    <widget alphatest="on" name="image" position="665,119" size="219,219" zPosition="2" />
    <!--<widget font="Regular; 21" foregroundColor="yellow" halign="center" name="title" position="604,87" size="365,24" transparent="1" />
    <widget font="Regular; 20" foregroundColor="yellow" halign="left" name="author" position="617,344" size="365,24" transparent="1" />-->
    <widget font="Regular;20" foregroundColor="white" halign="left" name="version" position="745,342" size="365,24" transparent="1" />
    <!--<widget font="Regular;19" foregroundColor="white" halign="left" name="about" position="617,407" size="365,152" transparent="1" />-->
    <widget name="status_label" position="10,536" size="257,21" font="Regular; 15"  transparent="1" halign="left" valign="center" zPosition="2" foregroundColor="white" />
  </screen>

  <screen name="ArchivCZSKpAddonContentScreen" position="center,center" size="983,560" title="ContentMenuScreen">
    <widget backgroundColor="#9f1313" font="Regular;20" halign="center" name="key_red" position="7,4" shadowColor="black" shadowOffset="-2,-2" size="237,38" valign="center" zPosition="1" />
    <widget backgroundColor="#1f771f" font="Regular;20" halign="center" name="key_green" position="251,4" shadowColor="black" shadowOffset="-2,-2" size="237,38" valign="center" zPosition="1" />
    <widget backgroundColor="#a08500" font="Regular;20" halign="center" name="key_yellow" position="495,4" shadowColor="black" shadowOffset="-2,-2" size="237,38" valign="center" zPosition="1" />
    <widget backgroundColor="#18188b" font="Regular;20" halign="center" name="key_blue" position="739,4" shadowColor="black" shadowOffset="-2,-2" size="237,38" valign="center" zPosition="1" />
    <widget name="path_label" position="13,55" size="959,32" halign="left" font="Regular;19" transparent="1" foregroundColor="#C4C4C4" />
    <eLabel position="13,78" size="959,1" zPosition="1" backgroundColor="#C4C4C4" />
    <widget source="menu" render="Listbox" position="8,91" size="593,437" transparent="1" >
      <convert type="TemplatedMultiContent">
        {"templates":
        {"default": (27,
        [
        MultiContentEntryPixmapAlphaTest(pos=(3, 0), size=(47, 26), png=0),
        MultiContentEntryText(pos=(47, 2), size=(720, 53), font=0, flags=RT_VALIGN_TOP | RT_HALIGN_LEFT, text=1)
        ]
        , True, "showOnDemand"),
        },
        "fonts": [gFont("Regular", 20)],
        "itemHeight": 33
        }
      </convert>
    </widget>
    <widget font = "Regular; 15" foregroundColor = "white" halign = "left" name = "status_label" position = "10,536" size = "458,21" transparent = "1" valign = "center" zPosition = "2" />
    <widget alphatest="on" name="tip_pixmap" position="7,537" size="29,21" zPosition="2" />
    <widget font="Regular;15" foregroundColor="white" halign="left" name="tip_label" position="70,804" size="422,21" transparent="1" valign="center" zPosition="2" />
  </screen>

  <screen name="ArchivCZSKpAddonContentScreenAdvanced" position="center,center" size="983,560" title="ContentMenuScreen">
     <widget backgroundColor="#9f1313" font="Regular;20" halign="center" name="key_red" position="7,4" shadowColor="black" shadowOffset="-2,-2" size="237,38" valign="center" zPosition="1" />
    <widget backgroundColor="#1f771f" font="Regular;20" halign="center" name="key_green" position="251,4" shadowColor="black" shadowOffset="-2,-2" size="237,38" valign="center" zPosition="1" />
    <widget backgroundColor="#a08500" font="Regular;20" halign="center" name="key_yellow" position="495,4" shadowColor="black" shadowOffset="-2,-2" size="237,38" valign="center" zPosition="1" />
    <widget backgroundColor="#18188b" font="Regular;20" halign="center" name="key_blue" position="739,4" shadowColor="black" shadowOffset="-2,-2" size="237,38" valign="center" zPosition="1" />
    <widget name="path_label" position="13,55" size="959,32" halign="left" font="Regular;19" transparent="1" foregroundColor="#C4C4C4" />
    <eLabel position="13,78" size="959,1" zPosition="1" backgroundColor="#C4C4C4" />
    <eLabel position="610,78" size="1,469" zPosition="1" backgroundColor="#C4C4C4" /> <widget alphatest="on" name="movie_poster_image" position="702,78" size="200,267" transparent="1" backgroundColor="#a08500" />
    <widget font="Regular;17" foregroundColor="#ccc91c" halign="left" name="movie_rating" position="713,348" size="53,16" transparent="1" backgroundColor="#18188b"/>
    <widget font="Regular;17" foregroundColor="#ccc91c" halign="right" name="movie_duration" position="822,348" size="70,16" transparent="1" backgroundColor="#C4C4C4"/>
    <widget font="Regular;17" foregroundColor="#ffffff" halign="left" name="movie_plot" position="622,368" size="360,180" transparent="1" backgroundColor="#1f771f"/>
    <widget source="menu" render="Listbox" position="8,91" size="593,433" transparent="1" >
      <convert type="TemplatedMultiContent">
        {"templates":
        {"default": (27,
        [
        MultiContentEntryPixmapAlphaTest(pos=(3, 0), size=(47, 26), png=0),
        MultiContentEntryText(pos=(47, 2), size=(720, 53), font=0, flags=RT_VALIGN_TOP | RT_HALIGN_LEFT, text=1)
        ]
        , True, "showOnDemand"),
        },
        "fonts": [gFont("Regular", 20)],
        "itemHeight": 33
        }
      </convert>
    </widget>
    <widget font = "Regular; 15" foregroundColor = "white" halign = "left" name = "status_label" position = "10,536" size = "458,21" transparent = "1" valign = "center" zPosition = "2" />
    <widget alphatest="on" name="tip_pixmap" position="7,537" size="29,21" zPosition="2" />
    <widget font="Regular;15" foregroundColor="white" halign="left" name="tip_label" position="70,804" size="422,21" transparent="1" valign="center" zPosition="2" />
  </screen>

  <screen name="ArchivCZSKpItemInfoScreen" position="center,80" size="800,617" title="Info" >
    <widget name="genre" position="337,33" size="400,24" font="Regular;20" transparent="1" foregroundColor="yellow" />
    <widget name="year" position="337,73" size="400,24" font="Regular;20" transparent="1" foregroundColor="yellow" />
    <widget name="rating" position="337,113" size="400,24" font="Regular;20" transparent="1" foregroundColor="yellow" />
    <widget name="plot" position="7,340" size="787,257" font="Regular;20" transparent="1"  foregroundColor="white" />
    <widget name="img" position="7,0" zPosition="2" size="320,320"  alphatest="on"/>
  </screen>

  <screen name="ArchivCZSKpVideoPlayerInfoScreen" position="center,center" size="983,560" title="ContentScreen">
    <widget backgroundColor="#9f1313" font="Regular;20" halign="center" name="key_red" position="7,4" shadowColor="black" shadowOffset="-2,-2" size="237,38" valign="center" zPosition="1" />
    <widget backgroundColor="#1f771f" font="Regular;20" halign="center" name="key_green" position="251,4" shadowColor="black" shadowOffset="-2,-2" size="237,38" valign="center" zPosition="1" />
    <widget backgroundColor="#a08500" font="Regular;20" halign="center" name="key_yellow" position="495,4" shadowColor="black" shadowOffset="-2,-2" size="237,38" valign="center" zPosition="1" />
    <widget backgroundColor="#18188b" font="Regular;20" halign="center" name="key_blue" position="739,4" shadowColor="black" shadowOffset="-2,-2" size="237,38" valign="center" zPosition="1" />
    <widget name="detected player" position="20,69" size="190,26" font="Regular; 20" />
    <widget name="detected player_val" position="226,69" size="190,26" font="Regular; 20" />
    <widget name="protocol" position="28,115" size="291,25"  foregroundColor="#e5b243" font="Regular; 19" />
    <widget name="container" position="28,339" size="291,25"  font="Regular; 19" foregroundColor="#e5b243" />
    <widget name="protocol_list" position="39,149" size="304,177" />
    <widget name="container_list" position="39,372" size="304,177" />
    <widget name="info_scrolllabel" position="466,115" size="438,393" valign="top" font="Regular; 19"/>
  </screen>

  <screen name="ArchivCZSKpContextMenuScreen" position="center,center" size="428,299">
    <widget name="item_pixmap" position="8,10" size="29,21" alphatest="on" />
    <widget name="item_label" position="38,7" size="380,51" halign="center" foregroundColor="#e5b243" font="Regular; 20" />
    <eLabel position="5,52" size="418,1" backgroundColor="#999999" />
    <widget name="list" position="5,56" itemHeight="27" scrollbarMode="showOnDemand" size="418,220" />
  </screen>

  <screen name="ArchivCZSKpSelectSourceScreen" position="center,center" size="428,299">
    <!-- <widget name="item_pixmap" position="8,10" size="29,21" alphatest="on" /> -->
    <widget name="item_label" position="5,7" size="418,51" halign="center" foregroundColor="#e5b243" font="Regular; 20" />
    <eLabel position="5,52" size="418,1" backgroundColor="#999999" />
    <widget name="list" position="1,56" itemHeight="27" scrollbarMode="showOnDemand" size="427,220" />
  </screen>

  <screen name="ArchivCZSKpSearchClientScreen" position="center,center" size="435,347">
    <ePixmap name="search_pixmap" position="8,11" size="49,43" zPosition="0" alphatest="blend" pixmap="/usr/lib/enigma2/python/Plugins/Extensions/archivCZSK/gui/icon/search.png" />
    <widget name="search" position="69,11" size="343,52" foregroundColor="#e5b243" halign="center" font="Regular; 22" />
    <ePixmap name="red_pixmap" position="8,77" size="29,23" zPosition="0" alphatest="blend" pixmap="/usr/lib/enigma2/python/Plugins/Extensions/archivCZSK/gui/icon/red.png" />
    <widget source="red_label" render="Label" position="43,77" size="283,23" font="Regular;19" halign="left" backgroundColor="background"  transparent="1"/>
    <ePixmap name="green_pixmap" position="8,103" size="29,23" zPosition="0" alphatest="blend" pixmap="/usr/lib/enigma2/python/Plugins/Extensions/archivCZSK/gui/icon/green.png" />
    <widget source="green_label" render="Label" position="43,103" size="283,23" font="Regular;19" halign="left" backgroundColor="background"  transparent="1"/>
    <ePixmap name="blue_pixmap" position="8,128" size="29,23" zPosition="0" alphatest="blend" pixmap="/usr/lib/enigma2/python/Plugins/Extensions/archivCZSK/gui/icon/blue.png" />
    <widget source="blue_label" render="Label" position="43,128" size="283,23" font="Regular;19" halign="left" backgroundColor="background"  transparent="1"/>
    <widget source="menu" render="Listbox" position="7,177" size="421,164" transparent="1" >
      <convert type="TemplatedMultiContent">
        {"templates":
        {"default": (27,
        [
        MultiContentEntryText(pos=(7, 2), size=(633, 53), font=0, flags=RT_VALIGN_TOP | RT_HALIGN_LEFT, text=0)
        ]
        , True, "showOnDemand"),
        },
        "fonts": [gFont("Regular", 20)],
        "itemHeight": 33
        }
      </convert>
    </widget>
  </screen>

  <screen name="ArchivCZSKpConfigScreen" position="center,center" size="771,493">
    <widget backgroundColor="#9f1313" font="Regular;20" halign="center" name="key_red" position="7,4" shadowColor="black" shadowOffset="-2,-2" size="184,38" valign="center" zPosition="1" />
    <widget backgroundColor="#1f771f" font="Regular;20" halign="center" name="key_green" position="197,4" shadowColor="black" shadowOffset="-2,-2" size="184,38" valign="center" zPosition="1" />
    <widget backgroundColor="#a08500" font="Regular;20" halign="center" name="key_yellow" position="389,4" shadowColor="black" shadowOffset="-2,-2" size="184,38" valign="center" zPosition="1" />
    <widget backgroundColor="#18188b" font="Regular;20" halign="center" name="key_blue" position="580,4" shadowColor="black" shadowOffset="-2,-2" size="184,38" valign="center" zPosition="1" />
    <eLabel position="3,45" size="765,1" backgroundColor="#ffffff" />
    <widget name="categories" position="7,47" size="757,38" tab_size="184,30" spaceWidth="7" tab_fontInactive="Regular;18" tab_fontActive="Regular;20" tab_backgroundColorActive="#000000" tab_backgroundColorInactive="#000000" />
    <widget name="config" position="7,91" size="758,403" itemHeight="27" scrollbarMode="showOnDemand" />
  </screen>

  <screen name="ArchivCZSKpChangelogScreen" position="center,center" size="771,493" title="Info" >
    <widget name="changelog" position="0,5" size="771,493" font="Regular;17" transparent="1" foregroundColor="white" />
  </screen>

  <screen name="ArchivCZSKpShortcutsScreen" position="center,center" size="771,493" title="Shortcuts">
    <widget backgroundColor="#9f1313" font="Regular;20" halign="center" name="key_red" position="7,4" shadowColor="black" shadowOffset="-2,-2" size="184,38" valign="center" zPosition="1" />
    <widget backgroundColor="#1f771f" font="Regular;20" halign="center" name="key_green" position="197,4" shadowColor="black" shadowOffset="-2,-2" size="184,38" valign="center" zPosition="1" />
    <widget backgroundColor="#a08500" font="Regular;20" halign="center" name="key_yellow" position="389,4" shadowColor="black" shadowOffset="-2,-2" size="184,38" valign="center" zPosition="1" />
    <widget backgroundColor="#18188b" font="Regular;20" halign="center" name="key_blue" position="580,4" shadowColor="black" shadowOffset="-2,-2" size="184,38" valign="center" zPosition="1" />
    <widget source="menu" render="Listbox" position="5,47" size="758,375" transparent="1" >
      <convert type="TemplatedMultiContent">
        {"templates":
        {"default": (27,
        [
        MultiContentEntryPixmapAlphaTest(pos=(3, 0), size=(47, 26), png=0),
        MultiContentEntryText(pos=(47, 2), size=(527, 67), font=0, flags=RT_VALIGN_TOP | RT_HALIGN_LEFT, text=1)
        ]
        , True, "showOnDemand"),
        },
        "fonts": [gFont("Regular", 20)],
        "itemHeight": 33
        }
      </convert>
    </widget>
  </screen>

  <screen name="ArchivCZSKpDownloadListScreen" position="center,center" size="983,560" title="ShortcutsScreen">
    <widget backgroundColor="#9f1313" font="Regular;20" halign="center" name="key_red" position="7,4" shadowColor="black" shadowOffset="-2,-2" size="237,38" valign="center" zPosition="1" />
    <widget backgroundColor="#1f771f" font="Regular;20" halign="center" name="key_green" position="251,4" shadowColor="black" shadowOffset="-2,-2" size="237,38" valign="center" zPosition="1" />
    <widget backgroundColor="#a08500" font="Regular;20" halign="center" name="key_yellow" position="495,4" shadowColor="black" shadowOffset="-2,-2" size="237,38" valign="center" zPosition="1" />
    <widget backgroundColor="#18188b" font="Regular;20" halign="center" name="key_blue" position="739,4" shadowColor="black" shadowOffset="-2,-2" size="237,38" valign="center" zPosition="1" />
    <widget name="menu" position="5,47" scrollbarMode="showOnDemand" size="973,507" transparent="1" />
  </screen>

  <screen name="ArchivCZSKpDownloadsScreen" position="center,center" size="983,560" title="ShortcutsScreen">
    <widget backgroundColor="#9f1313" font="Regular;20" halign="center" name="key_red" position="7,4" shadowColor="black" shadowOffset="-2,-2" size="237,38" valign="center" zPosition="1" />
    <widget backgroundColor="#1f771f" font="Regular;20" halign="center" name="key_green" position="251,4" shadowColor="black" shadowOffset="-2,-2" size="237,38" valign="center" zPosition="1" />
    <widget backgroundColor="#a08500" font="Regular;20" halign="center" name="key_yellow" position="495,4" shadowColor="black" shadowOffset="-2,-2" size="237,38" valign="center" zPosition="1" />
    <widget backgroundColor="#18188b" font="Regular;20" halign="center" name="key_blue" position="739,4" shadowColor="black" shadowOffset="-2,-2" size="237,38" valign="center" zPosition="1" />
    <widget name="menu" position="5,47" scrollbarMode="showOnDemand" size="973,507" transparent="1" />
  </screen>

  <screen name="ArchivCZSKpDownloadStatusScreen" position="center,93" size="527,327">
    <widget name="filename" position="8,5" size="519,37" valign="top" font="Regular; 15" foregroundColor="red" halign="center" />
    <widget name="path_label" position="8,56" size="101,17" backgroundColor="background" font="Regular; 13" foregroundColor="#e5b243" />
    <widget name="path" position="8,56" size="519,35" valign="top" halign="left" font="Regular; 13" />
    <widget name="start_label" position="8,110" size="519,17" foregroundColor="#e5b243" font="Regular; 13" />
    <widget name="start" position="8,110" size="519,17" font="Regular; 13" />
    <widget name="finish_label" position="8,137" size="519,17" foregroundColor="#e5b243" font="Regular; 13" />
    <widget name="finish" position="8,137" size="519,17" font="Regular; 13" />
    <widget name="size_label" position="8,183" size="519,17" foregroundColor="#e5b243" font="Regular; 13" />
    <widget name="size" position="8,183" size="519,17" font="Regular; 13" />
    <widget name="speed_label" position="8,206" size="519,17" foregroundColor="#e5b243" font="Regular; 13" />
    <widget name="speed" position="8,206" size="519,17" font="Regular; 13" />
    <widget name="state_label" position="8,247" size="519,17" foregroundColor="#e5b243"  font="Regular; 13"/>
    <widget name="state" position="8,247" size="519,17" foregroundColors="#00b837,#ff2b39,#024dd9" font="Regular; 13"/>
    <widget name="status" position="8,283" size="519,76" font="Console; 9" />
  </screen>

  <screen name="ArchivCZSKpCaptchaScreen" position="center,center" size="479,394" zPosition="99" title="Virtual keyboard">
    <ePixmap pixmap="skin_default/vkey_text.png" position="7,141" zPosition="-4" size="464,44" alphatest="on" />
    <widget source="country" render="Pixmap" position="419,0" size="51,34" alphatest="on" borderWidth="2" borderColor="yellow" >
      <convert type="ValueToPixmap">LanguageCode</convert>
    </widget>
    <widget name="header" position="8,8" size="428,17" font="Regular;17" transparent="1" noWrap="1" />
    <widget name="captcha" position="8,43" size ="463,94" alphatest="blend" zPosition="-1" />
    <widget name="text" position="10,141" size="459,39" font="Regular;39" transparent="1" noWrap="1" halign="right" />
    <widget name="list" position="8,188" size="462,193" selectionDisabled="1" transparent="1" />
  </screen>

  <screen name="ArchivCZSKpPlaylistScreen" position="center,center" size="771,493" flags="wfNoBorder" backgroundColor="#48080808">
    <widget source="title" render="Label" position="0,0" size="771,59" valign="center" halign="center" backgroundColor="#28080808" font="Regular;20" foregroundColor="#e9b253" />
    <widget source="list" render = "Listbox" position="5,77" size="761,415" scrollbarMode="showOnDemand" backgroundColor="#48080808" >
      <convert type="TemplatedMultiContent">
        {"templates":
        {"default": (27, [
        MultiContentEntryText(pos=(5,0),size=(761,30),font=0,flags=RT_HALIGN_LEFT|RT_VALIGN_CENTER,text=0)
        ], True, "showNever")
        },
        "fonts": [gFont("Regular", 18)],
        "itemHeight": 33
        }
      </convert>
    </widget>
  </screen>


  <screen name="ArchivCZSKpChoiceBox" position="center,center" size="605,343">
    <widget name="text" position="0,0" size="0,0" foregroundColor="#e5b243" font="Regular; 20" />
    <widget name="list" position="5,10" size="595,323" itemHeight="27" scrollbarMode="showOnDemand" />
  </screen>


  <!--CSFD INTERNAL-->
  <screen name="ArchivCSFDp" position="center,center" size="985,560" title="Archiv CSFD" >
    <widget backgroundColor="#9f1313" font="Regular;17" halign="center" name="key_red" position="7,4" shadowColor="black" shadowOffset="-2,-2" size="237,38" valign="center" zPosition="1" />
    <widget backgroundColor="#1f771f" font="Regular;17" halign="center" name="key_green" position="251,4" shadowColor="black" shadowOffset="-2,-2" size="237,38" valign="center" zPosition="1" />
    <widget backgroundColor="#a08500" font="Regular;17" halign="center" name="key_yellow" position="495,4" shadowColor="black" shadowOffset="-2,-2" size="237,38" valign="center" zPosition="1" />
    <widget backgroundColor="#18188b" font="Regular;17" halign="center" name="key_blue" position="739,4" shadowColor="black" shadowOffset="-2,-2" size="237,38" valign="center" zPosition="1" />
    <widget name="starsbg" pixmap="/usr/lib/enigma2/python/Plugins/Extensions/archivCZSK/gui/icon/csfd_starsbar_empty.png" position="53,353" zPosition="0" size="140,27" transparent="1" alphatest="on" />
    <widget name="stars" position="53,355" size="140,27" pixmap="/usr/lib/enigma2/python/Plugins/Extensions/archivCZSK/gui/icon/csfd_starsbar_filled.png" transparent="1" />
    <widget name="ratinglabel" position="100,387" zPosition="10" size="60,30" halign="center" font="Regular;25" foregroundColor="#f0b400"/>
    <widget name="poster" position="7,50" size="227,293" alphatest="on" borderWidth="1" borderColor="yellow" />
    <widget name="menu" position="7,50" size="971,483" itemHeight="27" scrollbarMode="showOnDemand" transparent="1" enableWrapAround="on" />
    <widget name="extralabel" position="7,50" size="971,490" font="Regular;19" backgroundColor="#18188b" transparent="1"/>
    <widget name="baseFilmInfo" position="240,50" size="740,217" font="Regular;16" foregroundColor="#f23d21" transparent="1"/>
    <widget name="detailslabel" position="240,273" size="740,260" font="Regular;19" backgroundColor="#18188b" transparent="1"/>
    <widget name="statusbar" position="7,540" size="587,20" font="Regular;16" foregroundColor="#7a7a52" />
  </screen>

  <screen id="1" name="ArchivCSFDpLCDScreen" position="0,0" size="132,64" title="Archiv CSFD">
    <widget name="headline" position="0,28" size="128,25" font="Regular;18"/>
  </screen>
  
  <screen id="3" name="ArchivCSFDpLCDScreen" position="0,0" size="400,240" title="Archiv CSFD">
    <widget name="headline" halign="center" position="0,90" size="396,150" font="Regular;54"/>
  </screen>

</skin>
