<?xml version="1.0" encoding="UTF-8" standalone="yes"?>
<addon id="plugin.video.dvtv.cz" name="Drtinova Veselovsky TV" version="1.0.0" provider-name="">
  <requires>
    <import addon="xbmc.python" version="2.1.0"/>
    <import addon="script.module.stream.resolver" version="1.0.0" />
  </requires>
  <extension point="xbmc.python.pluginsource">
    <provides>video</provides>
  </extension>
  <extension point="xbmc.addon.metadata">
    <summary>DVTV - Drtinová, Veselovský TV</summary>
    <platform>all</platform>
  </extension>
</addon>
