<?xml version="1.0" encoding="UTF-8" standalone="yes"?>
<addon id="plugin.video.mtr.sk" name="Mestska TV Ruzomberok" version="1.0.0" provider-name="">
  <requires>
    <import addon="xbmc.python" version="2.0" />
    <import addon="script.module.stream.resolver" version="1.0.0" />
  </requires>
  <extension point="xbmc.python.pluginsource" provides="video">
    <provides>video</provides>
  </extension>
  <extension point="xbmc.addon.metadata">
    <summary lang="en">mtr.sk</summary>
    <summary lang="cs">mtr.sk</summary>
    <platform>all</platform>
  </extension>
</addon>
