<?xml version="1.0" encoding="UTF-8"?>
<addon id="doplnky" version="1.0.0" name="Doplnky (CZ &amp; SK)" provider-name="Yoda">
  <requires>
    <import addon="xbmc.addon" version="0.1"/>
  </requires>
  <extension point="xbmc.addon.repository" name="repozitár českých a slovenských doplnkov">
    <info compressed="false">https://raw.githubusercontent.com/mtester270/archivczskpremium/{commit}/addons.xml</info>
    <datadir zip="false"></datadir>
  </extension>
  <extension point="xbmc.addon.metadata">
    <summary>Doplnky (CZ &amp; SK)</summary>
    <description>
        This repository contains mostly video addons for slovak a czech users.
    </description>
    <platform>all</platform>
  </extension>
</addon>
