<?xml version='1.0' encoding='utf-8'?>
<addon id="plugin.video.digigo" name="DigiGO" provider-name="" version="1.0.0">
  <requires>
    <import addon="xbmc.python" version="2.1.0" />
    <import addon="script.module.stream.resolver" version="1.0.0" />
  </requires>
  <extension point="xbmc.python.pluginsource" provides="video">
    <provides>video</provides>
  </extension>
  <extension point="xbmc.addon.metadata">
    <summary lang="en">DigiGO </summary>
    <summary lang="cs">DigiGO</summary>
    <summary lang="sk">DigiGO</summary>
    <platform>all</platform>
  </extension>
</addon>
