<?xml version='1.0' encoding='utf-8'?>
<addon id="plugin.video.joj.sk" name="joj.sk" provider-name="" version="1.0.0">
  <requires>
    <import addon="xbmc.python" version="2.1.0" />
    <import addon="script.module.stream.resolver" version="1.0.0" />
  </requires>
  <extension point="xbmc.python.pluginsource" provides="video">
    <provides>video</provides>
  </extension>
  <extension point="xbmc.addon.metadata">
    <summary lang="en">joj.sk</summary>
    <summary lang="cs">joj.sk</summary>
    <summary lang="sk">joj.sk</summary>
    <platform>all</platform>
  </extension>
</addon>
