<?xml version='1.0' encoding='utf-8'?>
<addon id="plugin.video.stream-cinema" name="Stream Cinema" provider-name="" version="1.0.0">
  <requires>
        <import addon="xbmc.python" version="2.1.0" />
        <import addon="script.module.stream.resolver" version="1.0.0" />
    </requires>
    <extension point="xbmc.python.pluginsource" provides="video">
        <provides>video</provides>
    </extension>
    <extension point="xbmc.addon.metadata">
        <summary lang="en">stream-cinema.online</summary>
        <summary lang="cs">stream-cinema.online</summary>
        <summary lang="sk">stream-cinema.online</summary>
        <platform>all</platform>
        <license>GNU GENERAL PUBLIC LICENSE. Version 3, 29 June 2007</license>
        <assets>
            <icon>icon.png</icon>
            <fanart></fanart>
            <screenshot></screenshot>
        </assets>
    </extension>
</addon>
