<?xml version="1.0" encoding="UTF-8" standalone="yes"?>
<addon id="plugin.video.novaplus" name="Nova Plus TV Archiv" version="1.0.0" provider-name="">
	<requires>
		<import addon="xbmc.python" version="2.1.0"/>
		<import addon="script.module.stream.resolver" version="1.0.0" />
		<import addon="script.module.common" version="1.0.0" />
	</requires>
	<extension point="xbmc.python.pluginsource" provides="video">
		<provides>video</provides>
	</extension>
	<extension point="xbmc.addon.metadata">
		<platform>all</platform>
		<summary>Nova Plus TV video-archive plugin</summary>
	</extension>
</addon>
